<?xml version="1.0" encoding="UTF-8"?>
<project-private xmlns="http://www.netbeans.org/ns/project-private/1">
    <editor-bookmarks xmlns="http://www.netbeans.org/ns/editor-bookmarks/2" lastBookmarkId="0"/>
    <open-files xmlns="http://www.netbeans.org/ns/projectui-open-files/2">
        <group>
            <file>file:/D:/Shivam/Java/netbeans/Library/src/library/returnbook.java</file>
            <file>file:/D:/Shivam/Java/netbeans/Library/src/library/home.java</file>
            <file>file:/D:/Shivam/Java/netbeans/Library/src/library/issuebook.java</file>
            <file>file:/D:/Shivam/Java/netbeans/Library/src/library/Library.java</file>
        </group>
    </open-files>
</project-private>
